Event,B/S,Symbol,Shares,Price,Route,Time,Account,Note,
Execute,Sell,ASNS,25,0.635,ARCA,07:28:31,18337,,
Accept,Sell,ASNS,25,0.535,ARCA,07:28:31,18337,,
Sending,Sell,ASNS,25,0.535,ARCA,07:28:31,18337,,
Accept,Sell,ASNS,25,0.535,SMAT,07:28:31,18337,,
Sending,Sell,ASNS,25,0.535,SMAT,07:28:31,18337,,
Execute,Buy,ASNS,25,0.6259,ARCA,07:28:21,18337,,
Accept,Buy,ASNS,25,0.6328,ARCA,07:28:21,18337,,
Sending,Buy,ASNS,25,0.6328,ARCA,07:28:21,18337,,
Accept,Buy,ASNS,25,0.6328,SMAT,07:28:21,18337,,
Sending,Buy,ASNS,25,0.6328,SMAT,07:28:21,18337,,
Canceled,Buy,ASNS,10,0.624,ARCA,07:27:50,18337,ARCA: R099: UROUT,
Canceling,Buy,ASNS,10,0.624,ARCA,07:27:50,18337,,
Accept,Buy,ASNS,10,0.624,ARCA,07:27:46,18337,,
Sending,Buy,ASNS,10,0.624,ARCA,07:27:46,18337,,
Accept,Buy,ASNS,10,0.624,SMAT,07:27:46,18337,,
Sending,Buy,ASNS,10,0.624,SMAT,07:27:46,18337,,
Canceled,Buy,ASNS,25,0.6319,ARCA,07:24:40,18337,ARCA: R099: UROUT,
Canceling,Buy,ASNS,25,0.6319,ARCA,07:24:40,18337,,
Accept,Buy,ASNS,25,0.6319,ARCA,07:24:35,18337,,
Sending,Buy,ASNS,25,0.6319,ARCA,07:24:35,18337,,
Accept,Buy,ASNS,25,0.6319,SMAT,07:24:35,18337,,
Sending,Buy,ASNS,25,0.6319,SMAT,07:24:35,18337,,
Execute,Sell,ASNS,25,0.6333,ARCA,07:23:42,18337,,
Accept,Sell,ASNS,25,0.5333,ARCA,07:23:42,18337,,
Sending,Sell,ASNS,25,0.5333,ARCA,07:23:42,18337,,
Accept,Sell,ASNS,25,0.5333,SMAT,07:23:42,18337,,
Sending,Sell,ASNS,25,0.5333,SMAT,07:23:42,18337,,
Execute,Buy,ASNS,25,0.624,ARCA,07:19:24,18337,,
Accept,Buy,ASNS,25,0.624,ARCA,07:19:22,18337,,
Sending,Buy,ASNS,25,0.624,ARCA,07:19:22,18337,,
Accept,Buy,ASNS,25,0.624,SMAT,07:19:22,18337,,
Sending,Buy,ASNS,25,0.624,SMAT,07:19:22,18337,,
Execute,Sell,OVID,25,2.3,ARCA,07:10:23,18337,,
Accept,Sell,OVID,25,2.2,ARCA,07:10:23,18337,,
Sending,Sell,OVID,25,2.2,ARCA,07:10:23,18337,,
Accept,Sell,OVID,25,2.2,SMAT,07:10:23,18337,,
Sending,Sell,OVID,25,2.2,SMAT,07:10:23,18337,,
Execute,Buy,OVID,25,2.23,ARCA,07:09:25,18337,,
Accept,Buy,OVID,25,2.23,ARCA,07:09:23,18337,,
Sending,Buy,OVID,25,2.23,ARCA,07:09:23,18337,,
Accept,Buy,OVID,25,2.23,SMAT,07:09:23,18337,,
Sending,Buy,OVID,25,2.23,SMAT,07:09:23,18337,,
Execute,Sell,ASNS,25,0.582,ARCA,06:51:02,18337,,
Accept,Sell,ASNS,25,0.482,ARCA,06:51:02,18337,,
Sending,Sell,ASNS,25,0.482,ARCA,06:51:02,18337,,
Accept,Sell,ASNS,25,0.482,SMAT,06:51:02,18337,,
Sending,Sell,ASNS,25,0.482,SMAT,06:51:02,18337,,
Execute,Buy,ASNS,25,0.5985,ARCA,06:50:48,18337,,
Accept,Buy,ASNS,25,0.6,ARCA,06:50:48,18337,,
Sending,Buy,ASNS,25,0.6,ARCA,06:50:48,18337,,
Accept,Buy,ASNS,25,0.6,SMAT,06:50:48,18337,,
Sending,Buy,ASNS,25,0.6,SMAT,06:50:48,18337,,
Canceled,Buy,XELB,25,2.67,ARCA,17:15:31,18337,ARCA: R099: UROUT,
Canceling,Buy,XELB,25,2.67,ARCA,17:15:31,18337,,
Accept,Buy,XELB,25,2.67,ARCA,17:15:23,18337,,
Sending,Buy,XELB,25,2.67,ARCA,17:15:23,18337,,
Accept,Buy,XELB,25,2.67,SMAT,17:15:23,18337,,
Sending,Buy,XELB,25,2.67,SMAT,17:15:23,18337,,
Execute,Sell,XELB,10,2.63,ARCA,17:14:36,18337,,
Accept,Sell,XELB,10,2.53,ARCA,17:14:36,18337,,
Sending,Sell,XELB,10,2.53,ARCA,17:14:36,18337,,
Accept,Sell,XELB,10,2.53,SMAT,17:14:36,18337,,
Sending,Sell,XELB,10,2.53,SMAT,17:14:36,18337,,
Execute,Buy,XELB,10,2.62,ARCA,17:14:34,18337,,
Accept,Buy,XELB,10,2.62,ARCA,17:14:33,18337,,
Sending,Buy,XELB,10,2.62,ARCA,17:14:33,18337,,
Accept,Buy,XELB,10,2.62,SMAT,17:14:33,18337,,
Sending,Buy,XELB,10,2.62,SMAT,17:14:33,18337,,
Execute,Sell,XELB,10,2.59,ARCA,17:14:30,18337,,
Accept,Sell,XELB,10,2.48,ARCA,17:14:30,18337,,
Sending,Sell,XELB,10,2.48,ARCA,17:14:30,18337,,
Accept,Sell,XELB,10,2.48,SMAT,17:14:30,18337,,
Sending,Sell,XELB,10,2.48,SMAT,17:14:30,18337,,
Execute,Buy,XELB,10,2.54,ARCA,17:14:28,18337,,
Accept,Buy,XELB,10,2.54,ARCA,17:14:27,18337,,
Sending,Buy,XELB,10,2.54,ARCA,17:14:27,18337,,
Accept,Buy,XELB,10,2.54,SMAT,17:14:27,18337,,
Sending,Buy,XELB,10,2.54,SMAT,17:14:27,18337,,
Canceled,Buy,XELB,10,2.47,ARCA,17:14:26,18337,ARCA: R099: UROUT,
Canceling,Buy,XELB,10,2.47,ARCA,17:14:26,18337,,
Accept,Buy,XELB,10,2.47,ARCA,17:14:22,18337,,
Sending,Buy,XELB,10,2.47,ARCA,17:14:22,18337,,
Accept,Buy,XELB,10,2.47,SMAT,17:14:22,18337,,
Sending,Buy,XELB,10,2.47,SMAT,17:14:22,18337,,
Execute,Sell,XELB,10,2.28,ARCA,17:12:43,18337,,
Accept,Sell,XELB,10,2.17,ARCA,17:12:43,18337,,
Sending,Sell,XELB,10,2.17,ARCA,17:12:43,18337,,
Accept,Sell,XELB,10,2.17,SMAT,17:12:43,18337,,
Sending,Sell,XELB,10,2.17,SMAT,17:12:43,18337,,
Execute,Buy,XELB,10,2.23,ARCA,17:11:54,18337,,
Accept,Buy,XELB,10,2.23,ARCA,17:11:52,18337,,
Sending,Buy,XELB,10,2.23,ARCA,17:11:52,18337,,
Accept,Buy,XELB,10,2.23,SMAT,17:11:52,18337,,
Sending,Buy,XELB,10,2.23,SMAT,17:11:52,18337,,
Execute,Sell,XELB,10,2.3,ARCA,17:11:27,18337,,
Accept,Sell,XELB,10,2.19,ARCA,17:11:27,18337,,
Sending,Sell,XELB,10,2.19,ARCA,17:11:27,18337,,
Accept,Sell,XELB,10,2.19,SMAT,17:11:27,18337,,
Sending,Sell,XELB,10,2.19,SMAT,17:11:27,18337,,
Execute,Buy,XELB,10,2.29,ARCA,17:11:25,18337,,
Accept,Buy,XELB,10,2.35,ARCA,17:11:25,18337,,
Sending,Buy,XELB,10,2.35,ARCA,17:11:25,18337,,
Accept,Buy,XELB,10,2.35,SMAT,17:11:25,18337,,
Sending,Buy,XELB,10,2.35,SMAT,17:11:25,18337,,
Canceled,Buy,DFLI,10,1.34,ARCA,16:34:40,18337,ARCA: R099: UROUT,
Canceling,Buy,DFLI,10,1.34,ARCA,16:34:40,18337,,
Accept,Buy,DFLI,10,1.34,ARCA,16:34:36,18337,,
Sending,Buy,DFLI,10,1.34,ARCA,16:34:35,18337,,
Accept,Buy,DFLI,10,1.34,SMAT,16:34:35,18337,,
Sending,Buy,DFLI,10,1.34,SMAT,16:34:35,18337,,
Canceled,Buy,DFLI,10,1.33,ARCA,16:34:28,18337,ARCA: R099: UROUT,
Canceling,Buy,DFLI,10,1.33,ARCA,16:34:28,18337,,
Accept,Buy,DFLI,10,1.33,ARCA,16:34:22,18337,,
Sending,Buy,DFLI,10,1.33,ARCA,16:34:22,18337,,
Accept,Buy,DFLI,10,1.33,SMAT,16:34:22,18337,,
Sending,Buy,DFLI,10,1.33,SMAT,16:34:22,18337,,
Canceled,Buy,DFLI,10,1.31,ARCA,16:34:17,18337,ARCA: R099: UROUT,
Canceling,Buy,DFLI,10,1.31,ARCA,16:34:17,18337,,
Accept,Buy,DFLI,10,1.31,ARCA,16:34:06,18337,,
Sending,Buy,DFLI,10,1.31,ARCA,16:34:06,18337,,
Accept,Buy,DFLI,10,1.31,SMAT,16:34:06,18337,,
Sending,Buy,DFLI,10,1.31,SMAT,16:34:06,18337,,
Canceled,Buy,DFLI,25,1.28,ARCA,16:34:00,18337,ARCA: R099: UROUT,
Canceling,Buy,DFLI,25,1.28,ARCA,16:34:00,18337,,
Accept,Buy,DFLI,25,1.28,ARCA,16:33:49,18337,,
Sending,Buy,DFLI,25,1.28,ARCA,16:33:49,18337,,
Accept,Buy,DFLI,25,1.28,SMAT,16:33:49,18337,,
Sending,Buy,DFLI,25,1.28,SMAT,16:33:49,18337,,
Execute,Sell,CIGL,10,4.79,ARCA,15:17:43,18337,,
Accept,Sell,CIGL,10,4.67,ARCA,15:17:43,18337,,
Sending,Sell,CIGL,10,4.67,ARCA,15:17:43,18337,,
Accept,Sell,CIGL,10,4.67,SMAT,15:17:43,18337,,
Sending,Sell,CIGL,10,4.67,SMAT,15:17:43,18337,,
Execute,Buy,CIGL,10,4.96,ARCA,15:14:24,18337,,
Accept,Buy,CIGL,10,5.05,ARCA,15:14:24,18337,,
Sending,Buy,CIGL,10,5.05,ARCA,15:14:24,18337,,
Accept,Buy,CIGL,10,5.05,SMAT,15:14:24,18337,,
Sending,Buy,CIGL,10,5.05,SMAT,15:14:24,18337,,
Execute,Sell,CIGL,10,4.99,ARCA,15:12:21,18337,,
Accept,Sell,CIGL,10,4.88,ARCA,15:12:21,18337,,
Sending,Sell,CIGL,10,4.88,ARCA,15:12:21,18337,,
Accept,Sell,CIGL,10,4.88,SMAT,15:12:21,18337,,
Sending,Sell,CIGL,10,4.88,SMAT,15:12:21,18337,,
Execute,Buy,CIGL,10,4.93,ARCA,15:11:51,18337,,
Accept,Buy,CIGL,10,5.07,ARCA,15:11:51,18337,,
Sending,Buy,CIGL,10,5.07,ARCA,15:11:51,18337,,
Accept,Buy,CIGL,10,5.07,SMAT,15:11:51,18337,,
Sending,Buy,CIGL,10,5.07,SMAT,15:11:51,18337,,
Canceled,Buy,CIGL,10,4.87,ARCA,15:11:33,18337,ARCA: R099: UROUT,
Canceling,Buy,CIGL,10,4.87,ARCA,15:11:33,18337,,
Accept,Buy,CIGL,10,4.87,ARCA,15:11:29,18337,,
Sending,Buy,CIGL,10,4.87,ARCA,15:11:29,18337,,
Accept,Buy,CIGL,10,4.87,SMAT,15:11:29,18337,,
Sending,Buy,CIGL,10,4.87,SMAT,15:11:29,18337,,
Canceled,Buy,CIGL,10,4.85,ARCA,15:10:28,18337,ARCA: R099: UROUT,
Canceling,Buy,CIGL,10,4.85,ARCA,15:10:28,18337,,
Accept,Buy,CIGL,10,4.85,ARCA,15:10:26,18337,,
Sending,Buy,CIGL,10,4.85,ARCA,15:10:26,18337,,
Accept,Buy,CIGL,10,4.85,SMAT,15:10:26,18337,,
Sending,Buy,CIGL,10,4.85,SMAT,15:10:26,18337,,
Execute,Sell,CIGL,10,4.84,ARCA,15:10:22,18337,,
Accept,Sell,CIGL,10,4.73,ARCA,15:10:22,18337,,
Sending,Sell,CIGL,10,4.73,ARCA,15:10:22,18337,,
Accept,Sell,CIGL,10,4.73,SMAT,15:10:22,18337,,
Sending,Sell,CIGL,10,4.73,SMAT,15:10:22,18337,,
Execute,Buy,CIGL,10,4.85,ARCA,15:10:21,18337,,
Accept,Buy,CIGL,10,4.95,ARCA,15:10:21,18337,,
Sending,Buy,CIGL,10,4.95,ARCA,15:10:21,18337,,
Accept,Buy,CIGL,10,4.95,SMAT,15:10:21,18337,,
Sending,Buy,CIGL,10,4.95,SMAT,15:10:21,18337,,
Execute,Sell,CIGL,10,4.72,ARCA,15:10:01,18337,,
Accept,Sell,CIGL,10,4.62,ARCA,15:10:01,18337,,
Sending,Sell,CIGL,10,4.62,ARCA,15:10:01,18337,,
Accept,Sell,CIGL,10,4.62,SMAT,15:10:01,18337,,
Sending,Sell,CIGL,10,4.62,SMAT,15:10:01,18337,,
Execute,Buy,CIGL,10,4.79,ARCA,15:08:19,18337,,
Accept,Buy,CIGL,10,4.79,ARCA,15:08:19,18337,,
Sending,Buy,CIGL,10,4.79,ARCA,15:08:19,18337,,
Accept,Buy,CIGL,10,4.79,SMAT,15:08:19,18337,,
Sending,Buy,CIGL,10,4.79,SMAT,15:08:19,18337,,
Execute,Sell,CIGL,10,4.76,ARCA,15:06:31,18337,,
Accept,Sell,CIGL,10,4.66,ARCA,15:06:31,18337,,
Sending,Sell,CIGL,10,4.66,ARCA,15:06:31,18337,,
Accept,Sell,CIGL,10,4.66,SMAT,15:06:31,18337,,
Sending,Sell,CIGL,10,4.66,SMAT,15:06:31,18337,,
Execute,Buy,CIGL,10,4.85,ARCA,15:05:00,18337,,
Accept,Buy,CIGL,10,4.91,ARCA,15:05:00,18337,,
Sending,Buy,CIGL,10,4.91,ARCA,15:05:00,18337,,
Accept,Buy,CIGL,10,4.91,SMAT,15:05:00,18337,,
Sending,Buy,CIGL,10,4.91,SMAT,15:05:00,18337,,
Execute,Sell,CIGL,10,4.91,ARCA,15:03:16,18337,,
Accept,Sell,CIGL,10,4.8,ARCA,15:03:16,18337,,
Sending,Sell,CIGL,10,4.8,ARCA,15:03:16,18337,,
Accept,Sell,CIGL,10,4.8,SMAT,15:03:16,18337,,
Sending,Sell,CIGL,10,4.8,SMAT,15:03:16,18337,,
Execute,Buy,CIGL,6,4.9,ARCA,15:03:06,18337,,
Execute,Buy,CIGL,4,4.9,ARCA,15:03:06,18337,,
Accept,Buy,CIGL,10,5.01,ARCA,15:03:06,18337,,
Sending,Buy,CIGL,10,5.01,ARCA,15:03:06,18337,,
Accept,Buy,CIGL,10,5.01,SMAT,15:03:06,18337,,
Sending,Buy,CIGL,10,5.01,SMAT,15:03:06,18337,,
Execute,Sell,CIGL,6,5.02,ARCA,15:02:22,18337,,
Execute,Sell,CIGL,4,5.02,ARCA,15:02:22,18337,,
Accept,Sell,CIGL,10,4.91,ARCA,15:02:22,18337,,
Sending,Sell,CIGL,10,4.91,ARCA,15:02:22,18337,,
Accept,Sell,CIGL,10,4.91,SMAT,15:02:22,18337,,
Sending,Sell,CIGL,10,4.91,SMAT,15:02:22,18337,,
Execute,Buy,CIGL,10,5.01,ARCA,15:02:17,18337,,
Accept,Buy,CIGL,10,5.01,ARCA,15:02:17,18337,,
Sending,Buy,CIGL,10,5.01,ARCA,15:02:17,18337,,
Accept,Buy,CIGL,10,5.01,SMAT,15:02:17,18337,,
Sending,Buy,CIGL,10,5.01,SMAT,15:02:17,18337,,
Canceled,Buy,CIGL,10,4.93,ARCA,15:02:03,18337,ARCA: R099: UROUT,
Canceling,Buy,CIGL,10,4.93,ARCA,15:02:03,18337,,
Accept,Buy,CIGL,10,4.93,ARCA,15:02:01,18337,,
Sending,Buy,CIGL,10,4.93,ARCA,15:02:01,18337,,
Accept,Buy,CIGL,10,4.93,SMAT,15:02:01,18337,,
Sending,Buy,CIGL,10,4.93,SMAT,15:02:01,18337,,
Execute,Sell,CIGL,10,5,ARCA,15:01:24,18337,,
Accept,Sell,CIGL,10,4.89,ARCA,15:01:24,18337,,
Sending,Sell,CIGL,10,4.89,ARCA,15:01:24,18337,,
Accept,Sell,CIGL,10,4.89,SMAT,15:01:24,18337,,
Sending,Sell,CIGL,10,4.89,SMAT,15:01:24,18337,,
Execute,Buy,CIGL,6,4.96,ARCA,15:01:20,18337,,
Execute,Buy,CIGL,2,4.96,ARCA,15:01:20,18337,,
Execute,Buy,CIGL,2,4.95,ARCA,15:01:20,18337,,
Accept,Buy,CIGL,10,5.09,ARCA,15:01:20,18337,,
Sending,Buy,CIGL,10,5.09,ARCA,15:01:20,18337,,
Accept,Buy,CIGL,10,5.09,SMAT,15:01:20,18337,,
Sending,Buy,CIGL,10,5.09,SMAT,15:01:20,18337,,
Execute,Sell,CIGL,10,5.1,ARCA,15:01:05,18337,,
Accept,Sell,CIGL,10,5,ARCA,15:01:05,18337,,
Sending,Sell,CIGL,10,5,ARCA,15:01:05,18337,,
Accept,Sell,CIGL,10,5,SMAT,15:01:05,18337,,
Sending,Sell,CIGL,10,5,SMAT,15:01:05,18337,,
Execute,Buy,CIGL,10,5.05,ARCA,15:00:28,18337,,
Accept,Buy,CIGL,10,5.05,ARCA,15:00:23,18337,,
Sending,Buy,CIGL,10,5.05,ARCA,15:00:23,18337,,
Accept,Buy,CIGL,10,5.05,SMAT,15:00:23,18337,,
Sending,Buy,CIGL,10,5.05,SMAT,15:00:23,18337,,
Execute,Sell,FRMI,2,30.07,ARCA,13:57:20,18337,,
Accept,Sell,FRMI,2,29.95,ARCA,13:57:20,18337,,
Sending,Sell,FRMI,2,29.95,ARCA,13:57:20,18337,,
Accept,Sell,FRMI,2,29.95,SMAT,13:57:20,18337,,
Sending,Sell,FRMI,2,29.95,SMAT,13:57:20,18337,,
Execute,Buy,FRMI,2,30.06,ARCA,13:53:38,18337,,
Accept,Buy,FRMI,2,30.2,ARCA,13:53:38,18337,,
Sending,Buy,FRMI,2,30.2,ARCA,13:53:38,18337,,
Accept,Buy,FRMI,2,30.2,SMAT,13:53:38,18337,,
Sending,Buy,FRMI,2,30.2,SMAT,13:53:38,18337,,
Execute,Sell,BRLS,10,4.42,ARCA,13:48:04,18337,,
Accept,Sell,BRLS,10,4.31,ARCA,13:48:04,18337,,
Sending,Sell,BRLS,10,4.31,ARCA,13:48:04,18337,,
Accept,Sell,BRLS,10,4.31,SMAT,13:48:04,18337,,
Sending,Sell,BRLS,10,4.31,SMAT,13:48:04,18337,,
Execute,Buy,BRLS,10,4.46,ARCA,13:48:01,18337,,
Accept,Buy,BRLS,10,4.51,ARCA,13:48:01,18337,,
Sending,Buy,BRLS,10,4.51,ARCA,13:48:01,18337,,
Accept,Buy,BRLS,10,4.51,SMAT,13:48:01,18337,,
Sending,Buy,BRLS,10,4.51,SMAT,13:48:01,18337,,
Execute,Sell,BRLS,10,4.56,ARCA,13:47:20,18337,,
Accept,Sell,BRLS,10,4.46,ARCA,13:47:20,18337,,
Sending,Sell,BRLS,10,4.46,ARCA,13:47:20,18337,,
Accept,Sell,BRLS,10,4.46,SMAT,13:47:20,18337,,
Sending,Sell,BRLS,10,4.46,SMAT,13:47:20,18337,,
Execute,Buy,BRLS,10,4.85,ARCA,13:45:13,18337,,
Accept,Buy,BRLS,10,4.86,ARCA,13:45:13,18337,,
Sending,Buy,BRLS,10,4.86,ARCA,13:45:13,18337,,
Accept,Buy,BRLS,10,4.86,SMAT,13:45:13,18337,,
Sending,Buy,BRLS,10,4.86,SMAT,13:45:13,18337,,
Execute,Sell,IVDA,10,1.87,ARCA,12:56:54,18337,,
Accept,Sell,IVDA,10,1.77,ARCA,12:56:54,18337,,
Sending,Sell,IVDA,10,1.77,ARCA,12:56:54,18337,,
Accept,Sell,IVDA,10,1.77,SMAT,12:56:54,18337,,
Sending,Sell,IVDA,10,1.77,SMAT,12:56:54,18337,,
Execute,Buy,IVDA,10,1.92,ARCA,12:55:47,18337,,
Accept,Buy,IVDA,10,1.92,ARCA,12:55:47,18337,,
Sending,Buy,IVDA,10,1.92,ARCA,12:55:47,18337,,
Accept,Buy,IVDA,10,1.92,SMAT,12:55:47,18337,,
Sending,Buy,IVDA,10,1.92,SMAT,12:55:47,18337,,
Canceled,Buy,BRLS,10,4.09,ARCA,12:54:29,18337,ARCA: R099: UROUT,
Canceling,Buy,BRLS,10,4.09,ARCA,12:54:29,18337,,
Accept,Buy,BRLS,10,4.09,ARCA,12:53:56,18337,,
Sending,Buy,BRLS,10,4.09,ARCA,12:53:56,18337,,
Accept,Buy,BRLS,10,4.09,SMAT,12:53:56,18337,,
Sending,Buy,BRLS,10,4.09,SMAT,12:53:56,18337,,
Execute,Sell,BQ,2,17.51,ARCA,12:52:58,18337,,
Accept,Sell,BQ,2,17.41,ARCA,12:52:58,18337,,
Sending,Sell,BQ,2,17.41,ARCA,12:52:58,18337,,
Accept,Sell,BQ,2,17.41,SMAT,12:52:58,18337,,
Sending,Sell,BQ,2,17.41,SMAT,12:52:58,18337,,
Execute,Buy,BQ,2,18.43,ARCA,12:52:11,18337,,
Accept,Buy,BQ,2,18.55,ARCA,12:52:11,18337,,
Sending,Buy,BQ,2,18.55,ARCA,12:52:11,18337,,
Accept,Buy,BQ,2,18.55,SMAT,12:52:11,18337,,
Sending,Buy,BQ,2,18.55,SMAT,12:52:11,18337,,
Execute,Sell,BQ,2,18.51,ARCA,12:45:36,18337,,
Accept,Sell,BQ,2,18.3,ARCA,12:45:36,18337,,
Sending,Sell,BQ,2,18.3,ARCA,12:45:36,18337,,
Accept,Sell,BQ,2,18.3,SMAT,12:45:36,18337,,
Sending,Sell,BQ,2,18.3,SMAT,12:45:36,18337,,
Execute,Buy,BQ,1,19.1,ARCA,12:39:46,18337,,
Execute,Buy,BQ,1,19.1,ARCA,12:39:42,18337,,
Accept,Buy,BQ,2,19.1,ARCA,12:39:40,18337,,
Sending,Buy,BQ,2,19.1,ARCA,12:39:40,18337,,
Accept,Buy,BQ,2,19.1,SMAT,12:39:40,18337,,
Sending,Buy,BQ,2,19.1,SMAT,12:39:40,18337,,
Execute,Sell,BQ,2,18.5,ARCA,12:38:41,18337,,
Accept,Sell,BQ,2,18.39,ARCA,12:38:41,18337,,
Sending,Sell,BQ,2,18.39,ARCA,12:38:41,18337,,
Accept,Sell,BQ,2,18.39,SMAT,12:38:41,18337,,
Sending,Sell,BQ,2,18.39,SMAT,12:38:41,18337,,
Execute,Buy,BQ,2,21.1,ARCA,12:37:16,18337,,
Accept,Buy,BQ,2,21.1,ARCA,12:37:16,18337,,
Sending,Buy,BQ,2,21.1,ARCA,12:37:16,18337,,
Accept,Buy,BQ,2,21.1,SMAT,12:37:16,18337,,
Sending,Buy,BQ,2,21.1,SMAT,12:37:16,18337,,
Execute,Sell,BQ,10,14.1,ARCA,12:04:39,18337,,
Accept,Sell,BQ,10,14,ARCA,12:04:39,18337,,
Sending,Sell,BQ,10,14,ARCA,12:04:39,18337,,
Accept,Sell,BQ,10,14,SMAT,12:04:39,18337,,
Sending,Sell,BQ,10,14,SMAT,12:04:39,18337,,
Execute,Buy,BQ,10,14.07,ARCA,12:04:37,18337,,
Accept,Buy,BQ,10,14.2,ARCA,12:04:37,18337,,
Sending,Buy,BQ,10,14.2,ARCA,12:04:37,18337,,
Accept,Buy,BQ,10,14.2,SMAT,12:04:37,18337,,
Sending,Buy,BQ,10,14.2,SMAT,12:04:37,18337,,
Execute,Sell,CIGL,10,4.265,ARCA,12:01:11,18337,,
Accept,Sell,CIGL,10,4.16,ARCA,12:01:11,18337,,
Sending,Sell,CIGL,10,4.16,ARCA,12:01:11,18337,,
Accept,Sell,CIGL,10,4.16,SMAT,12:01:11,18337,,
Sending,Sell,CIGL,10,4.16,SMAT,12:01:11,18337,,
Execute,Buy,CIGL,10,4.3,ARCA,12:00:47,18337,,
Accept,Buy,CIGL,10,4.3,ARCA,12:00:43,18337,,
Sending,Buy,CIGL,10,4.3,ARCA,12:00:43,18337,,
Accept,Buy,CIGL,10,4.3,SMAT,12:00:43,18337,,
Sending,Buy,CIGL,10,4.3,SMAT,12:00:43,18337,,
Execute,Sell,CIGL,10,4.35,ARCA,11:58:36,18337,,
Accept,Sell,CIGL,10,4.25,ARCA,11:58:36,18337,,
Sending,Sell,CIGL,10,4.25,ARCA,11:58:36,18337,,
Accept,Sell,CIGL,10,4.25,SMAT,11:58:36,18337,,
Sending,Sell,CIGL,10,4.25,SMAT,11:58:36,18337,,
Execute,Buy,CIGL,10,4.38,ARCA,11:57:52,18337,,
Accept,Buy,CIGL,10,4.38,ARCA,11:57:51,18337,,
Sending,Buy,CIGL,10,4.38,ARCA,11:57:51,18337,,
Accept,Buy,CIGL,10,4.38,SMAT,11:57:51,18337,,
Sending,Buy,CIGL,10,4.38,SMAT,11:57:51,18337,,
Execute,Sell,CIGL,10,4.35,ARCA,11:57:08,18337,,
Accept,Sell,CIGL,10,4.25,ARCA,11:57:08,18337,,
Sending,Sell,CIGL,10,4.25,ARCA,11:57:08,18337,,
Accept,Sell,CIGL,10,4.25,SMAT,11:57:08,18337,,
Sending,Sell,CIGL,10,4.25,SMAT,11:57:08,18337,,
Execute,Buy,CIGL,10,4.34,ARCA,11:56:26,18337,,
Accept,Buy,CIGL,10,4.34,ARCA,11:56:24,18337,,
Sending,Buy,CIGL,10,4.34,ARCA,11:56:24,18337,,
Accept,Buy,CIGL,10,4.34,SMAT,11:56:24,18337,,
Sending,Buy,CIGL,10,4.34,SMAT,11:56:24,18337,,
Execute,Sell,CIGL,20,4.14,ARCA,11:45:13,18337,,
Accept,Sell,CIGL,20,4.04,ARCA,11:45:13,18337,,
Sending,Sell,CIGL,20,4.04,ARCA,11:45:13,18337,,
Accept,Sell,CIGL,20,4.04,SMAT,11:45:13,18337,,
Sending,Sell,CIGL,20,4.04,SMAT,11:45:13,18337,,
Execute,Buy,CIGL,10,4.05,ARCA,11:45:03,18337,,
Send_Rej,Sell,CIGL,10,3.96,SMAT,11:45:03,18337,No Cross Trade[VCBB],
Execute,Buy,CIGL,10,4.21,ARCA,11:44:46,18337,,
Accept,Buy,CIGL,10,4.32,ARCA,11:44:46,18337,,
Sending,Buy,CIGL,10,4.32,ARCA,11:44:46,18337,,
Accept,Buy,CIGL,10,4.32,SMAT,11:44:46,18337,,
Sending,Buy,CIGL,10,4.32,SMAT,11:44:46,18337,,
Accept,Buy,CIGL,10,4.05,ARCA,11:44:38,18337,,
Sending,Buy,CIGL,10,4.05,ARCA,11:44:38,18337,,
Accept,Buy,CIGL,10,4.05,SMAT,11:44:38,18337,,
Sending,Buy,CIGL,10,4.05,SMAT,11:44:38,18337,,
Execute,Sell,CIGL,10,4.28,ARCA,11:44:27,18337,,
Accept,Sell,CIGL,10,4.17,ARCA,11:44:27,18337,,
Sending,Sell,CIGL,10,4.17,ARCA,11:44:27,18337,,
Accept,Sell,CIGL,10,4.17,SMAT,11:44:27,18337,,
Sending,Sell,CIGL,10,4.17,SMAT,11:44:27,18337,,
Execute,Buy,CIGL,10,4.3,ARCA,11:44:15,18337,,
Accept,Buy,CIGL,10,4.46,ARCA,11:44:15,18337,,
Sending,Buy,CIGL,10,4.46,ARCA,11:44:15,18337,,
Accept,Buy,CIGL,10,4.46,SMAT,11:44:15,18337,,
Sending,Buy,CIGL,10,4.46,SMAT,11:44:15,18337,,
Execute,Sell,CIGL,10,4.345,ARCA,11:44:05,18337,,
Accept,Sell,CIGL,10,4.24,ARCA,11:44:05,18337,,
Sending,Sell,CIGL,10,4.24,ARCA,11:44:05,18337,,
Accept,Sell,CIGL,10,4.24,SMAT,11:44:05,18337,,
Sending,Sell,CIGL,10,4.24,SMAT,11:44:05,18337,,
Execute,Buy,CIGL,10,4.32,ARCA,11:44:02,18337,,
Accept,Buy,CIGL,10,4.35,ARCA,11:44:02,18337,,
Sending,Buy,CIGL,10,4.35,ARCA,11:44:02,18337,,
Accept,Buy,CIGL,10,4.35,SMAT,11:44:02,18337,,
Sending,Buy,CIGL,10,4.35,SMAT,11:44:02,18337,,
Execute,Sell,IVDA,10,1.89,ARCA,10:21:29,18337,,
Accept,Sell,IVDA,10,1.79,ARCA,10:21:29,18337,,
Sending,Sell,IVDA,10,1.79,ARCA,10:21:29,18337,,
Accept,Sell,IVDA,10,1.79,SMAT,10:21:29,18337,,
Sending,Sell,IVDA,10,1.79,SMAT,10:21:29,18337,,
Execute,Buy,IVDA,10,1.96,ARCA,10:19:40,18337,,
Accept,Buy,IVDA,10,1.96,ARCA,10:19:40,18337,,
Sending,Buy,IVDA,10,1.96,ARCA,10:19:40,18337,,
Accept,Buy,IVDA,10,1.96,SMAT,10:19:40,18337,,
Sending,Buy,IVDA,10,1.96,SMAT,10:19:40,18337,,
Execute,Sell,IVDA,20,1.95,ARCA,10:19:30,18337,,
Accept,Sell,IVDA,20,1.85,ARCA,10:19:30,18337,,
Sending,Sell,IVDA,20,1.85,ARCA,10:19:30,18337,,
Accept,Sell,IVDA,20,1.85,SMAT,10:19:30,18337,,
Sending,Sell,IVDA,20,1.85,SMAT,10:19:30,18337,,
Execute,Buy,IVDA,10,1.94,ARCA,10:19:28,18337,,
Accept,Buy,IVDA,10,1.96,ARCA,10:19:28,18337,,
Sending,Buy,IVDA,10,1.96,ARCA,10:19:28,18337,,
Accept,Buy,IVDA,10,1.96,SMAT,10:19:28,18337,,
Sending,Buy,IVDA,10,1.96,SMAT,10:19:28,18337,,
Execute,Buy,IVDA,10,1.985,ARCA,10:18:56,18337,,
Accept,Buy,IVDA,10,1.99,ARCA,10:18:56,18337,,
Sending,Buy,IVDA,10,1.99,ARCA,10:18:56,18337,,
Accept,Buy,IVDA,10,1.99,SMAT,10:18:56,18337,,
Sending,Buy,IVDA,10,1.99,SMAT,10:18:56,18337,,
Execute,Sell,IVDA,10,1.935,ARCA,10:18:40,18337,,
Accept,Sell,IVDA,10,1.93,ARCA,10:18:40,18337,,
Sending,Sell,IVDA,10,1.93,ARCA,10:18:40,18337,,
Accept,Sell,IVDA,10,1.93,SMAT,10:18:40,18337,,
Sending,Sell,IVDA,10,1.93,SMAT,10:18:40,18337,,
Execute,Buy,IVDA,10,1.91,ARCA,10:17:51,18337,,
Accept,Buy,IVDA,10,1.91,ARCA,10:17:51,18337,,
Sending,Buy,IVDA,10,1.91,ARCA,10:17:51,18337,,
Accept,Buy,IVDA,10,1.91,SMAT,10:17:51,18337,,
Sending,Buy,IVDA,10,1.91,SMAT,10:17:51,18337,,
Execute,Sell,DPRO,10,10.7,ARCA,09:54:44,18337,,
Accept,Sell,DPRO,10,10.6,ARCA,09:54:44,18337,,
Sending,Sell,DPRO,10,10.6,ARCA,09:54:44,18337,,
Accept,Sell,DPRO,10,10.6,SMAT,09:54:44,18337,,
Sending,Sell,DPRO,10,10.6,SMAT,09:54:44,18337,,
Execute,Buy,DPRO,5,10.76,ARCA,09:53:29,18337,,
Execute,Buy,DPRO,5,10.76,ARCA,09:53:21,18337,,
Accept,Buy,DPRO,10,10.76,ARCA,09:53:19,18337,,
Sending,Buy,DPRO,10,10.76,ARCA,09:53:19,18337,,
Accept,Buy,DPRO,10,10.76,SMAT,09:53:19,18337,,
Sending,Buy,DPRO,10,10.76,SMAT,09:53:19,18337,,
Execute,Sell,ORBS,5,9.28,ARCA,09:48:20,18337,,
Accept,Sell,ORBS,5,9.18,ARCA,09:48:19,18337,,
Sending,Sell,ORBS,5,9.18,ARCA,09:48:19,18337,,
Accept,Sell,ORBS,5,9.18,SMAT,09:48:19,18337,,
Sending,Sell,ORBS,5,9.18,SMAT,09:48:19,18337,,
Execute,Sell,ORBS,5,9.47,ARCA,09:47:46,18337,,
Accept,Sell,ORBS,5,9.3,ARCA,09:47:46,18337,,
Sending,Sell,ORBS,5,9.3,ARCA,09:47:46,18337,,
Accept,Sell,ORBS,5,9.3,SMAT,09:47:46,18337,,
Sending,Sell,ORBS,5,9.3,SMAT,09:47:46,18337,,
Execute,Buy,ORBS,10,9.17,ARCA,09:44:00,18337,,
Accept,Buy,ORBS,10,9.17,ARCA,09:43:55,18337,,
Sending,Buy,ORBS,10,9.17,ARCA,09:43:55,18337,,
Accept,Buy,ORBS,10,9.17,SMAT,09:43:55,18337,,
Sending,Buy,ORBS,10,9.17,SMAT,09:43:55,18337,,
Execute,Sell,ORBS,10,9.02,ARCA,09:43:31,18337,,
Accept,Sell,ORBS,10,8.92,ARCA,09:43:31,18337,,
Sending,Sell,ORBS,10,8.92,ARCA,09:43:31,18337,,
Accept,Sell,ORBS,10,8.92,SMAT,09:43:31,18337,,
Sending,Sell,ORBS,10,8.92,SMAT,09:43:31,18337,,
Execute,Buy,ORBS,10,9.32,ARCA,09:42:49,18337,,
Accept,Buy,ORBS,10,9.38,ARCA,09:42:49,18337,,
Sending,Buy,ORBS,10,9.38,ARCA,09:42:49,18337,,
Accept,Buy,ORBS,10,9.38,SMAT,09:42:49,18337,,
Sending,Buy,ORBS,10,9.38,SMAT,09:42:49,18337,,
Execute,Sell,MLTX,6,7.22,ARCA,09:38:44,18337,,
Execute,Sell,MLTX,1,7.22,ARCA,09:38:44,18337,,
Execute,Sell,MLTX,3,7.22,ARCA,09:38:44,18337,,
Accept,Sell,MLTX,10,7.11,ARCA,09:38:44,18337,,
Sending,Sell,MLTX,10,7.11,ARCA,09:38:44,18337,,
Accept,Sell,MLTX,10,7.11,SMAT,09:38:44,18337,,
Sending,Sell,MLTX,10,7.11,SMAT,09:38:44,18337,,
Execute,Buy,MLTX,10,7.27,ARCA,09:38:42,18337,,
Accept,Buy,MLTX,10,7.46,ARCA,09:38:42,18337,,
Sending,Buy,MLTX,10,7.46,ARCA,09:38:42,18337,,
Accept,Buy,MLTX,10,7.46,SMAT,09:38:42,18337,,
Sending,Buy,MLTX,10,7.46,SMAT,09:38:42,18337,,
Execute,Sell,IVDA,10,1.83,ARCA,09:35:56,18337,,
Accept,Sell,IVDA,10,1.73,ARCA,09:35:56,18337,,
Sending,Sell,IVDA,10,1.73,ARCA,09:35:56,18337,,
Accept,Sell,IVDA,10,1.73,SMAT,09:35:56,18337,,
Sending,Sell,IVDA,10,1.73,SMAT,09:35:56,18337,,
Execute,Buy,IVDA,10,1.82,ARCA,09:35:00,18337,,
Accept,Buy,IVDA,10,1.87,ARCA,09:35:00,18337,,
Sending,Buy,IVDA,10,1.87,ARCA,09:35:00,18337,,
Accept,Buy,IVDA,10,1.87,SMAT,09:35:00,18337,,
Sending,Buy,IVDA,10,1.87,SMAT,09:35:00,18337,,
Execute,Sell,TSHA,10,4.11,ARCA,09:06:47,18337,,
Accept,Sell,TSHA,10,4.01,ARCA,09:06:47,18337,,
Sending,Sell,TSHA,10,4.01,ARCA,09:06:47,18337,,
Accept,Sell,TSHA,10,4.01,SMAT,09:06:47,18337,,
Sending,Sell,TSHA,10,4.01,SMAT,09:06:47,18337,,
Execute,Buy,TSHA,10,4.16,ARCA,09:06:27,18337,,
Accept,Buy,TSHA,10,4.16,ARCA,09:06:27,18337,,
Sending,Buy,TSHA,10,4.16,ARCA,09:06:27,18337,,
Accept,Buy,TSHA,10,4.16,SMAT,09:06:27,18337,,
Sending,Buy,TSHA,10,4.16,SMAT,09:06:27,18337,,
Canceled,Buy,TSHA,10,4.13,ARCA,09:06:22,18337,ARCA: R099: UROUT,
Canceling,Buy,TSHA,10,4.13,ARCA,09:06:22,18337,,
Accept,Buy,TSHA,10,4.13,ARCA,09:06:11,18337,,
Sending,Buy,TSHA,10,4.13,ARCA,09:06:11,18337,,
Accept,Buy,TSHA,10,4.13,SMAT,09:06:11,18337,,
Sending,Buy,TSHA,10,4.13,SMAT,09:06:11,18337,,
Execute,Sell,TSHA,10,4.11,ARCA,08:59:13,18337,,
Accept,Sell,TSHA,10,4.01,ARCA,08:59:13,18337,,
Sending,Sell,TSHA,10,4.01,ARCA,08:59:13,18337,,
Accept,Sell,TSHA,10,4.01,SMAT,08:59:13,18337,,
Sending,Sell,TSHA,10,4.01,SMAT,08:59:13,18337,,
Execute,Buy,TSHA,10,4.09,ARCA,08:59:12,18337,,
Accept,Buy,TSHA,10,4.16,ARCA,08:59:12,18337,,
Sending,Buy,TSHA,10,4.16,ARCA,08:59:12,18337,,
Accept,Buy,TSHA,10,4.16,SMAT,08:59:12,18337,,
Sending,Buy,TSHA,10,4.16,SMAT,08:59:12,18337,,
Canceled,Buy,CIGL,10,4.03,ARCA,08:44:24,18337,ARCA: R099: UROUT,
Canceling,Buy,CIGL,10,4.03,ARCA,08:44:24,18337,,
Accept,Buy,CIGL,10,4.03,ARCA,08:44:10,18337,,
Sending,Buy,CIGL,10,4.03,ARCA,08:44:10,18337,,
Accept,Buy,CIGL,10,4.03,SMAT,08:44:10,18337,,
Sending,Buy,CIGL,10,4.03,SMAT,08:44:10,18337,,
Execute,Sell,KZIA,9,8.67,ARCA,08:33:21,18337,,
Execute,Sell,KZIA,1,8.69,ARCA,08:33:21,18337,,
Accept,Sell,KZIA,10,8.56,ARCA,08:33:21,18337,,
Sending,Sell,KZIA,10,8.56,ARCA,08:33:21,18337,,
Accept,Sell,KZIA,10,8.56,SMAT,08:33:21,18337,,
Sending,Sell,KZIA,10,8.56,SMAT,08:33:21,18337,,
Execute,Buy,KZIA,6,9.19,ARCA,08:33:04,18337,,
Execute,Buy,KZIA,4,9.14,ARCA,08:33:04,18337,,
Accept,Buy,KZIA,10,9.42,ARCA,08:33:04,18337,,
Sending,Buy,KZIA,10,9.42,ARCA,08:33:04,18337,,
Accept,Buy,KZIA,10,9.42,SMAT,08:33:04,18337,,
Sending,Buy,KZIA,10,9.42,SMAT,08:33:04,18337,,
Execute,Sell,JZXN,25,0.6132,ARCA,07:31:46,18337,,
Accept,Sell,JZXN,25,0.51,ARCA,07:31:46,18337,,
Sending,Sell,JZXN,25,0.51,ARCA,07:31:46,18337,,
Accept,Sell,JZXN,25,0.51,SMAT,07:31:46,18337,,
Sending,Sell,JZXN,25,0.51,SMAT,07:31:46,18337,,
Execute,Buy,JZXN,25,0.5964,ARCA,07:31:32,18337,,
Accept,Buy,JZXN,25,0.6214,ARCA,07:31:32,18337,,
Sending,Buy,JZXN,25,0.6214,ARCA,07:31:32,18337,,
Accept,Buy,JZXN,25,0.6214,SMAT,07:31:32,18337,,
Sending,Buy,JZXN,25,0.6214,SMAT,07:31:32,18337,,
Execute,Sell,JZXN,25,0.6898,ARCA,07:31:08,18337,,
Accept,Sell,JZXN,25,0.5874,ARCA,07:31:08,18337,,
Sending,Sell,JZXN,25,0.5874,ARCA,07:31:08,18337,,
Accept,Sell,JZXN,25,0.5874,SMAT,07:31:08,18337,,
Sending,Sell,JZXN,25,0.5874,SMAT,07:31:08,18337,,
Execute,Buy,JZXN,25,0.6816,ARCA,07:30:55,18337,,
Accept,Buy,JZXN,25,0.723,ARCA,07:30:55,18337,,
Sending,Buy,JZXN,25,0.723,ARCA,07:30:55,18337,,
Accept,Buy,JZXN,25,0.723,SMAT,07:30:55,18337,,
Sending,Buy,JZXN,25,0.723,SMAT,07:30:55,18337,,
